{"cameraMode":{"drawMode":0,"name":"Shaded","section":"Shading Mode"},"sceneLighting":true,"audioPlay":false,"sceneViewState":{"m_AlwaysRefresh":false,"showFog":true,"showSkybox":true,"showFlares":true,"showImageEffects":true,"showParticleSystems":true,"showVisualEffectGraphs":true,"m_FxEnabled":true},"in2DMode":false,"pivot":{"x":-7.924283027648926,"y":12.823480606079102,"z":25.609365463256837},"rotation":{"x":-0.34726959466934206,"y":-0.11159712076187134,"z":0.04166657477617264,"w":-0.9301887154579163},"size":4.944323539733887,"orthographic":false}