{"cameraMode":{"drawMode":0,"name":"Shaded","section":"Shading Mode"},"sceneLighting":true,"audioPlay":false,"sceneViewState":{"m_AlwaysRefresh":false,"showFog":true,"showSkybox":true,"showFlares":true,"showImageEffects":true,"showParticleSystems":true,"showVisualEffectGraphs":true,"m_FxEnabled":true},"in2DMode":false,"pivot":{"x":104.31983947753906,"y":-110.16323852539063,"z":-145.466064453125},"rotation":{"x":0.02949305810034275,"y":-0.9323430061340332,"z":0.35073795914649966,"w":0.09027078747749329},"size":212.01280212402345,"orthographic":false}