{"cameraMode":{"drawMode":0,"name":"Shaded","section":"Shading Mode"},"sceneLighting":true,"audioPlay":false,"sceneViewState":{"m_AlwaysRefresh":false,"showFog":true,"showSkybox":true,"showFlares":true,"showImageEffects":true,"showParticleSystems":true,"showVisualEffectGraphs":true,"m_FxEnabled":true},"in2DMode":false,"pivot":{"x":-110.70832061767578,"y":25.29521942138672,"z":23.102094650268556},"rotation":{"x":0.12503516674041749,"y":-0.25464263558387759,"z":0.03452644497156143,"w":0.9594287276268005},"size":15.676568031311036,"orthographic":false}