{"cameraMode":{"drawMode":0,"name":"Shaded","section":"Shading Mode"},"sceneLighting":true,"audioPlay":false,"sceneViewState":{"m_AlwaysRefresh":false,"showFog":true,"showSkybox":true,"showFlares":true,"showImageEffects":true,"showParticleSystems":true,"showVisualEffectGraphs":true,"m_FxEnabled":true},"in2DMode":false,"pivot":{"x":-285.2536315917969,"y":21.376583099365236,"z":-0.060831308364868167},"rotation":{"x":0.19583867490291596,"y":-0.7175246477127075,"z":0.2303462028503418,"w":0.6298996210098267},"size":25.554113388061525,"orthographic":false}