{"cameraMode":{"drawMode":0,"name":"Shaded","section":"Shading Mode"},"sceneLighting":true,"audioPlay":false,"sceneViewState":{"m_AlwaysRefresh":false,"showFog":true,"showSkybox":true,"showFlares":true,"showImageEffects":true,"showParticleSystems":true,"showVisualEffectGraphs":true,"m_FxEnabled":true},"in2DMode":false,"pivot":{"x":432.5627136230469,"y":166.7169952392578,"z":10.160992622375489},"rotation":{"x":-0.25360721349716189,"y":0.03057253360748291,"z":-0.008792041800916195,"w":-0.9670238494873047},"size":19.131343841552736,"orthographic":false}