{"cameraMode":{"drawMode":0,"name":"Shaded","section":"Shading Mode"},"sceneLighting":true,"audioPlay":false,"sceneViewState":{"m_AlwaysRefresh":false,"showFog":true,"showSkybox":true,"showFlares":true,"showImageEffects":true,"showParticleSystems":true,"showVisualEffectGraphs":true,"m_FxEnabled":true},"in2DMode":false,"pivot":{"x":-103.9976577758789,"y":16.767215728759767,"z":70.6381607055664},"rotation":{"x":0.011243410408496857,"y":0.5914162397384644,"z":-0.0035333738196641208,"w":0.8081576228141785},"size":1.7703354358673096,"orthographic":false}