{"cameraMode":{"drawMode":0,"name":"Shaded","section":"Shading Mode"},"sceneLighting":false,"audioPlay":false,"sceneViewState":{"m_AlwaysRefresh":false,"showFog":true,"showSkybox":false,"showFlares":true,"showImageEffects":true,"showParticleSystems":true,"showVisualEffectGraphs":true,"m_FxEnabled":true},"in2DMode":false,"pivot":{"x":-4.981520175933838,"y":6.339354991912842,"z":-3.5896658897399904},"rotation":{"x":-0.2656443119049072,"y":-0.00025572828599251807,"z":-0.0009517568396404386,"w":-0.9643319249153137},"size":1.8024712800979615,"orthographic":false}