{"cameraMode":{"drawMode":0,"name":"Shaded","section":"Shading Mode"},"sceneLighting":false,"audioPlay":false,"sceneViewState":{"m_AlwaysRefresh":false,"showFog":true,"showSkybox":false,"showFlares":true,"showImageEffects":true,"showParticleSystems":true,"showVisualEffectGraphs":true,"m_FxEnabled":true},"in2DMode":false,"pivot":{"x":472.11077880859377,"y":174.0147705078125,"z":339.8985595703125},"rotation":{"x":0.14166197180747987,"y":0.47522014379501345,"z":-0.07300673425197602,"w":0.8659102916717529},"size":2.7229700088500978,"orthographic":false}