{"cameraMode":{"drawMode":0,"name":"Shaded","section":"Shading Mode"},"sceneLighting":false,"audioPlay":false,"sceneViewState":{"m_AlwaysRefresh":false,"showFog":true,"showSkybox":false,"showFlares":true,"showImageEffects":true,"showParticleSystems":true,"showVisualEffectGraphs":true,"m_FxEnabled":true},"in2DMode":false,"pivot":{"x":481.17572021484377,"y":162.43788146972657,"z":375.3544616699219},"rotation":{"x":0.07879818975925446,"y":-0.017380645498633386,"z":0.004388736095279455,"w":0.9971170425415039},"size":3.932729959487915,"orthographic":false}